Path,IsVisible
01010075.JPG,1
01010914.JPG,1
01010917.JPG,1
01020008.JPG,1
01040127.JPG,1
01040345.JPG,0
01040467.JPG,0
01040942.JPG,1
01050643.JPG,0
01050913.JPG,0
01050959.JPG,1
01060307.JPG,1
01060315.JPG,1
01060347.JPG,1
01060469.JPG,0
01080353.JPG,1
01090133.JPG,0
01100328.JPG,0
01120617.JPG,1
01120623.JPG,0
01140424.JPG,1
01140429.JPG,1
01160953.JPG,1
01190625.JPG,0
01190648.JPG,1
01250152.JPG,0
01270079.JPG,1
01270083.JPG,1
01270982.JPG,1
01270983.JPG,1
02010692.JPG,1
02010694.JPG,1
02010695.JPG,0
02090007.JPG,0
02100702.JPG,1
02100703.JPG,0
02110224.JPG,1
02110331.JPG,1
02130392.JPG,0
02170217.JPG,0
02170355.JPG,1
02220541.JPG,0
02230154.JPG,0
02230155.JPG,0
02230547.JPG,0
02230548.JPG,0
02250803.JPG,0
03030310.JPG,0
03100227.JPG,1
03140621.JPG,0
03140624.JPG,0
03160666.JPG,0
03160670.JPG,0
03190229.JPG,1
03240298.JPG,1
03300365.JPG,0
04150180.JPG,1
04150181.JPG,1
04180741.JPG,0
04190706.JPG,1
04190710.JPG,1
04190715.JPG,0
04220326.JPG,1
04290432.JPG,0
04290433.JPG,1
04300436.JPG,1
05010807.JPG,0
05030808.JPG,1
05040228.JPG,0
05050288.JPG,1
05050293.JPG,1
05050553.JPG,1
05070233.JPG,0
05120985.JPG,1
05130658.JPG,1
05170423.JPG,1
05170663.JPG,0
05170664.JPG,0
05180428.JPG,0
05270398.JPG,0
05280399.JPG,0
05280402.JPG,1
05290556.JPG,1
06030817.JPG,1
06060412.JPG,1
06090553.JPG,1
06100742.JPG,1
06110126.JPG,0
06130963.JPG,1
06160785.JPG,1
06180789.JPG,1
06190451.JPG,1
06200454.JPG,1
06220842.JPG,1
06260903.JPG,0
06260908.JPG,0
06290747.JPG,1
06290812.JPG,0
06300153.JPG,1
06300937.JPG,1
07010258.JPG,1
07020318.JPG,0
07020323.JPG,1
07040765.JPG,1
07050559.JPG,0
07070339.JPG,0
07070482.JPG,1
07080017.JPG,0
07080340.JPG,1
07090890.JPG,1
07100069.JPG,1
07110054.JPG,1
07110055.JPG,1
07110222.JPG,0
07150162.JPG,1
07160014.JPG,0
07160015.JPG,0
07160242.JPG,0
07180037.JPG,1
07180039.JPG,0
07190015.JPG,1
07200029.JPG,0
07200087.JPG,0
07200213.JPG,0
07210004.JPG,1
07210005.JPG,1
07210031.JPG,1
07220079.JPG,0
07230037.JPG,1
07230084.JPG,1
07230410.JPG,1
07240067.JPG,1
07250086.JPG,1
07260048.JPG,0
07260049.JPG,1
07280005.JPG,1
07280498.JPG,1
07280596.JPG,1
07290017.JPG,0
07290129.JPG,0
07300305.JPG,1
07300309.JPG,1
07310001.JPG,0
07310032.JPG,0
07310577.JPG,1
07310927.JPG,0
08010873.JPG,1
08030439.JPG,1
08040068.JPG,0
08040111.JPG,1
08040284.JPG,0
08050002.JPG,1
08050158.JPG,0
08070053.JPG,1
08070059.JPG,0
08070123.JPG,0
08070278.JPG,0
08070283.JPG,0
08070474.JPG,0
08070475.JPG,0
08080144.JPG,0
08080202.JPG,1
08080278.JPG,1
08090018.JPG,1
08090046.JPG,0
08090055.JPG,1
08100097.JPG,0
08100125.JPG,0
08120008.JPG,0
08120621.JPG,0
08140010.JPG,0
08140013.JPG,1
08140587.JPG,1
08150036.JPG,0
08150038.JPG,0
08150056.JPG,0
08160179.JPG,1
08160247.JPG,1
08160625.JPG,1
08160627.JPG,1
08180341.JPG,1
08190038.JPG,1
08190101.JPG,0
08190123.JPG,1
08190592.JPG,0
08200002.JPG,1
08200471.JPG,0
08210107.JPG,1
08210992.JPG,1
08220042.JPG,0
08220071.JPG,1
08240091.JPG,1
08250093.JPG,0
08250147.JPG,1
08270033.JPG,1
08270148.JPG,1
08270149.JPG,0
08290068.JPG,1
08290070.JPG,0
09020078.JPG,0
09090049.JPG,1
09090206.JPG,1
09090294.JPG,1
09100074.JPG,0
09100317.JPG,0
09100352.JPG,0
09110348.JPG,0
09110349.JPG,1
09110350.JPG,1
09110757.JPG,0
09120619.JPG,1
09120760.JPG,0
09130075.JPG,1
09130094.JPG,1
09130214.JPG,0
09150216.JPG,0
09170312.JPG,1
09170430.JPG,1
09170943.JPG,1
09170944.JPG,0
09170949.JPG,0
09200246.JPG,0
09200249.JPG,0
09200250.JPG,0
09230424.JPG,1
09240958.JPG,1
09240959.JPG,0
09250148.JPG,1
09270454.JPG,1
09280029.JPG,0
10010030.JPG,1
10040132.JPG,0
10080278.JPG,0
10080279.JPG,1
10110153.JPG,0
10110981.JPG,1
10120946.JPG,0
10120951.JPG,0
10190383.JPG,0
10230095.JPG,0
10230204.JPG,1
10240343.JPG,1
10240737.JPG,0
10250055.JPG,0
10260117.JPG,0
10260987.JPG,0
10300782.JPG,0
10310089.JPG,0
11020267.JPG,0
11040151.JPG,1
11040157.JPG,1
11040159.JPG,1
11040168.JPG,1
11040324.JPG,1
11050092.JPG,1
11050160.JPG,1
11050200.JPG,1
11050646.JPG,1
11050880.JPG,1
11050909.JPG,1
11050981.JPG,1
11050982.JPG,1
11060485.JPG,1
11070553.JPG,1
11100151.JPG,1
11110740.JPG,1
11120742.JPG,1
11120892.JPG,0
11120894.JPG,0
11120895.JPG,0
11190449.JPG,1
11200845.JPG,1
11210450.JPG,1
11230540.JPG,0
12070022.JPG,0
12070027.JPG,0
12130294.JPG,1
12130295.JPG,1
12140175.JPG,1
12160181.JPG,0
12160185.JPG,0
12310298.JPG,0
EK001077.JPG,1
EK001124.JPG,1
IMG_0012.JPG,1
IMG_0038.JPG,1
IMG_0082.JPG,0
IMG_0092.JPG,0
IMG_0156.JPG,1
IMG_0174.JPG,0
IMG_0175.JPG,0
IMG_0204.JPG,0
IMG_0218.JPG,1
IMG_0252.JPG,1
IMG_0458.JPG,0
IMG_0502.JPG,1
IMG_1841.JPG,1
IMG_1850.JPG,1
IMG_2258.JPG,1
IMG_3483.JPG,0
